well,anchor_b,own_dip,own_std,rmse_cloud,rmse_tuck,n
01982c1d,-111.83874128694947,0.039999999999054126,0.005449541265069126,14.838009345151699,15.62600601419679,3941
05a0ee4d,-7.424584653771717,0.050000000001091394,0.006633061133453526,302.3210494654949,29.86230774640705,4348
084d66f9,-21.09919213475814,-0.029999999998835847,0.007622171606574988,10.156012974995527,9.208662109342727,3885
08fecf00,192.26374707775267,-0.029999999998835847,0.005320714237692025,10.601384757247045,14.121710426060408,5574
09053135,7.257689827237755,-0.039999999999054126,0.006228763922116785,50.11670968746793,35.36659340577033,5907
0be01c24,-10.442510976285575,-0.030000000000654836,0.010198039027202158,4.439177257272066,10.576094490881934,4738
0dd99dc5,-7.374787813976127,0.039999999999054126,0.005638262143641113,135.7517780635187,21.871462387840047,7342
10be2420,-10.472504222266707,0.039999999999054126,0.010293687386005007,8.168997169640795,12.597489438561258,3271
122bd617,5.861043019797535,0.05999999999949068,0.07013444232329892,5.945057236197825,59.868944640950964,4570
13f598d9,-5.08041654152521,0.039999999999054126,0.009321882856979822,141.18263981724232,30.35573388566303,7306
153552f5,-4.952908958243825,0.030000000000654836,0.005517019122794782,9.419446384354405,13.55876769796667,4695
1619e2ca,-410.6608328427051,-0.019999999999527063,0.023421357774516132,193.04976640337534,25.171447655195628,4443
18d24f7b,-5.298952684521964,0.049999999999272404,0.0033760183648910928,8.76356141742961,39.648628793793925,4558
1a730ac2,-7.693334437318072,-0.05999999999949068,0.06565356045172827,13.880099598731347,79.14503306138279,4605
1b6ba517,-3.4556242753963033,0.049999999999272404,0.006167657577892556,19.105734090114158,76.35811106457028,6597
1d3fbf02,0.5230612139623645,-0.039999999999054126,0.0064558113356921595,6.693815893308863,25.323585976685333,2694
1d78281a,-3.430838811781996,-0.040000000000873115,0.0060413160818724235,13.734793274461412,20.894756369185806,4949
1fee2b62,423.13916786257346,0.030000000000654836,0.005383075329236408,12.696327690583484,4.177435447350758,4641
2043abc5,-46.81666764880538,0.039999999999054126,0.006086049621731879,12.673454994985255,5.20460468827364,6958
2075c696,84.45481007094645,-0.020000000000436557,0.006777720855991129,34.52009448853014,25.067045090791574,3188
24d8997e,-10.892500208061847,0.020000000002255547,0.005999166608708629,7.38606229910876,18.373510203672694,3442
261785ee,27.271244713620717,0.05999999999949068,0.005606915372886607,9.557006346800325,45.778799832560914,3646
264feceb,-107.66584773145587,0.039999999999054126,0.0058204381277857905,115.69326068885806,9.263720562848405,5665
276b012a,-13.487179774440165,-0.030000000002473826,0.012745097096508656,13.223922669799606,29.0838230729915,4837
2ab29395,-1.318732744177396,-0.030000000000654836,0.02755898220179715,8.934393634796427,3.406268742025401,1852
2b547943,-5.618748724046782,-0.039999999999054126,0.006689544080222141,12.22534732717487,33.45308742928363,3480
2d9f6cb9,-9.71749602288628,0.020000000000436557,0.005190134872992918,10.563804243995062,51.09718863635906,7338
2ee0235b,-116.51750685047386,0.030000000002473826,0.00904212364452138,124.50994081905118,33.86620274212715,5556
2fa01aa6,-30.53270798406902,-0.020000000000436557,0.005617828762062861,6.237085947438834,28.934050105171508,2174
310c71a5,2.2912680863078094,0.040000000000873115,0.005989782967730541,7.330303036173516,6.602157736885771,5245
347242c8,9.54381205082018,-0.06999999999970896,0.015086334876290996,35.38119261611917,57.829931657708876,3595
35b3ef6a,15.585416752948277,0.049999999999272404,0.006276145313844895,32.92681764907752,16.129478709098976,3904
37344c2a,9.756468082564538,-0.010000000002037268,0.005565743436488174,16.493718170389908,9.715201715782188,5197
39b51819,-12.957917906413968,0.030000000000654836,0.006829348431567352,7.908191646851614,19.5487437568651,4231
3a86fe8d,-5.259788610343094,-0.010000000000218279,0.025961509971469676,15.163943510273235,60.71321422021285,5118
3bfee975,18.215841214008833,-0.030000000002473826,0.014046707799346792,10.88601929002274,3.723385481897577,3603
3e678ea7,-1.0108388529242802,-0.020000000000436557,0.005635601121570972,8.525230368191497,5.041103155846703,6858
404c4384,0.3695843814689397,0.039999999999054126,0.01383103394539204,1.6532077400339884,1.478965876754228,911
42c538a1,28.349475770693516,-1.8189894035458565e-12,0.006352952069814326,73.73544945981655,26.694800572627837,3279
445af6c2,-9.165415788611881,-0.010000000002037268,0.005540532465303315,3.145097306699656,90.5096280796161,6041
460f859e,0.01333319646983,-0.010000000002037268,0.005517019122871026,29.205981211747797,13.840832070315141,3336
4630ab92,10.345221256227433,0.020000000002255547,0.013013838788012254,15.59819397865459,12.045504356468095,3373
46a7190b,-3.8450009686830526,-0.020000000000436557,0.007583534795884417,5.085913854516175,19.488244960526377,4215
4936af16,7.194372317851048,-0.029999999998835847,0.009430668056979143,5.056874526319448,5.261007491046858,3991
4a8ecc0b,3.5439371804311577,0.029999999998835847,0.041683300013328,85.22249496120855,12.065563544808375,5809
4e050c92,-4.936453064182388,-0.020000000000436557,0.2665516413381592,13.235115764385071,26.619484523183896,3705
4f69febf,19.68000258339407,0.020000000002255547,0.008566066775356707,9.008873147823088,18.80507230014884,5460
521a7819,4.043751753454899,0.09000000000014552,0.011215948466308742,14.854513155424911,167.83173457053496,5200
53134831,-5.3349999999988995,-0.039999999999054126,0.007874007873936502,7.483500210945957,49.450315682168565,5126
54a7e3c2,13.306253430207562,0.040000000000873115,0.006606057825935672,5.195663538837036,18.927683361538552,6155
5693dde2,-13.420000429555785,-0.040000000000873115,0.00617069688114635,194.8363840155123,22.466138913694593,3488
58fa8486,-0.9708275937296094,0.030000000000654836,0.006151422599536954,12.131238525618826,2.861744427186878,4475
59f8b2e8,-58.43833631239022,-0.039999999999054126,0.006283112286077704,6.018717247641192,10.249709484870257,3747
5aa03df7,133.75696192503347,-0.020000000000436557,0.00856723409288033,156.42120514063637,27.62123186793447,4871
5beded95,-36.79666664689512,-0.040000000000873115,0.00591586849088062,34.5380489673021,6.869671318221624,3057
5def1ce5,-12.463537373267627,-0.010000000002037268,0.01641333299483449,8.156654329330687,82.25567342737689,6443
5f75f796,0.8699997442199674,0.030000000000654836,0.005695392874947019,15.360713696975175,17.069591053857064,5562
62a6f539,3.06166853303057,0.030000000000654836,0.005830951894857154,7.7643348826679235,2.01047203544891,3693
653612bc,-172.1658347338407,-0.010000000000218279,0.02168847620292996,2.6470776716515783,28.800338824119397,4605
67847288,2.588748614909491,0.06000000000130967,0.008511169132232384,97.27918295210848,119.96769583793896,7429
69c1bdad,4.998331929050892,0.010000000000218279,0.014836104610048832,14.494594613935927,27.128507880992043,2714
6dbe4b60,-19.086669250280465,-0.020000000000436557,0.005603347213989667,45.88068045382803,40.45768082303369,4648
708caea9,6.135213387462272,0.05999999999949068,0.1362167298829978,17.233128295155453,31.15178918639899,6548
7224331b,48.76000201797069,0.06000000000040018,0.02317967860005625,71.20918244849625,68.96528549979608,6063
727a3a10,-2.2487552197330842,-0.010000000002037268,0.021515052870038378,9.353846919426521,19.149198954915843,4397
72dd8501,-0.8403972010898997,0.029999999998835847,0.006572480505943563,26.837161469300955,4.872965640690828,5193
739a914f,-18.6610417551168,-0.049999999997453415,0.005642694391922793,503.1687743009629,32.159381167899646,5505
76201745,-0.3346893722235791,-0.039999999999054126,0.00545435605723265,4.768124146291876,5.586009001356026,4448
78a4a386,-0.260589536313546,0.030000000000654836,0.006016435822006599,1.5898391160999399,7.025714068275888,5119
7a5660b0,-47.76454243367448,0.020000000000436557,0.005730619512789528,161.1040304051663,5.181298674868261,4998
7c607683,11.91580974758699,0.029999999998835847,0.013692972650259238,8.587415316004673,6.625804286354096,5328
7cd4bb31,0.1354167564660429,-0.020000000000436557,0.005768665356925876,8.659286085933696,54.71568832192351,6439
807f0298,-0.6601987665751494,0.06999999999970896,0.006495382975569842,14.121147621689813,11.464320176736992,3747
82aab6d2,-1.558354530831366,0.039999999999054126,0.008172973755046992,7.704595962482418,6.995555319385221,6140
8478df29,-6.20624309253617,0.040000000000873115,0.005166962357183355,7.12944559068489,16.948171063381253,4857
861e71df,12.587174827833678,-0.03000000000156433,0.00651440711062156,222.13486332574652,8.856418834380044,4700
8648abae,-188.85249633976855,-0.040000000000873115,0.022425654951383996,7.411288294472623,7.610858728656431,4244
884ecb5f,2.08774568190438,0.0,0.027018095787839314,6.477122060725711,123.24609186167359,6724
89f1085d,-98.1004522668095,0.06999999999970896,0.005981429594928325,141.80404471932053,88.94047567213082,5994
8a9c8932,-12.42455424643731,0.039999999999054126,0.007045565981759304,211.45916805942935,16.55721714752903,4663
8b9d8326,-10.380833157618781,-0.030000000000654836,0.006108191221715119,158.21075576451105,6.790450565872127,6163
8d5d46d7,7.5308168030892375,0.029999999998835847,0.004659399102999186,16.232855419698026,31.345469613765335,5755
91b301ce,30.082916730872967,0.050000000001091394,0.005631163290049215,69.01660458232793,46.46193984015177,6570
9298ad5b,-4.503332970329666,0.030000000000654836,0.007305990692712952,6.48135544592167,7.245071049505326,3964
9314ff13,56.78625206458764,0.010000000002037268,0.014099290762302772,65.66433514308235,28.33880798160044,2748
940e709a,-4.520849834692854,0.050000000001091394,0.019873034493988938,7.284439476883701,4.583039080121899,3348
95c8427f,-8.814996583855304,0.030000000000654836,0.01194947697598738,10.332276641315554,29.17337223923653,6335
97cd5bf9,-151.25260440313377,0.030000000000654836,0.00610553028005331,148.21785656763208,19.26726095070784,3449
992ce078,24.15124829083038,0.010000000000218279,0.0058813263810948745,39.31275332812237,31.955694377893465,2879
9a8ae0d6,-205.9751004219729,0.0,0.011489125293103607,222.91040433447597,102.61460433493477,6294
9af1ffd0,20.215745621299448,0.040000000000873115,0.0052247009484712266,18.259400010233982,3.700993450300123,3525
9c211c53,4.394583178625226,0.039999999999054126,0.006118619125118774,9.54849179156121,12.171338584764337,7265
9d4272e3,-224.8067668624808,0.029999999998835847,0.006449030934995554,228.88843761229995,15.430755848509646,4030
9df1b1f9,-36.5289139737788,0.039999999999054126,0.006832093383350373,51.478701305599365,3.1228500400460546,4701
9ffce529,1.0208454786729817,0.039999999999054126,0.005989782967688252,5.4333991586806825,38.46103961066669,5212
a0e92ed6,10.27165813459851,0.00999999999839929,0.00902759657937965,149.1912389274346,67.23153844077109,4897
a4f989c2,0.09483167996950215,-0.030000000000654836,0.02950893932356487,52.778817442934354,7.521974221212091,5385
a645da9a,-3.2133371833801903,-0.049999999999272404,0.005566866263988782,11.870833123736226,4.927001093112908,5153
a76db406,4.832079958959412,-0.039999999997235136,0.007101936355621015,20.55588166150201,42.01285656458605,4672
a85bb86f,5.549592432315876,0.020000000000436557,0.006995534289824347,12.66629230118733,31.80929903625875,3099
aaeffccb,14.261041947812146,-0.020000000000436557,0.008352245207157431,17.997816428824468,4.7679386162976325,2712
ab94878e,1.4951067006882113,0.050000000001091394,0.20955304221130508,73.75552752447659,14.935642264233902,6004
ae069086,-5.29624851667495,0.050000000001091394,0.1911823671264017,3.3266179180830036,18.151997987047334,4770
aee6393a,-226.85375135619233,-0.030000000000654836,0.016911238866519285,61.62847566032471,31.700546263513004,5865
b0d42b0d,-5.818061580066569,0.040000000000873115,0.006406246951057645,10.749356665445546,18.725421780539467,4971
b0f53bf4,387.9254158653912,0.030000000000654836,0.006146340374612775,9.798620302414326,4.49095915672812,2755
b38e3116,1.0170904406406862,0.020000000000436557,0.0060423505360315335,10.326892251783425,22.80789970243923,6211
b881d27e,-1.8304245069982699,-0.039999999999054126,0.006810102789142391,4.073027108936695,13.591782978006671,4009
bb2cdd83,-1.345420361702736,0.050000000001091394,0.005549549531167597,3.67326121125395,28.563786609006225,3825
bb337fa0,1.9612497354764855,0.02999999999974534,0.00838808679018486,95.26058624233167,23.63490773409713,6873
bb682ebd,-7.755224525094718,0.050000000001091394,0.005846152581054717,20.182306950357493,7.817913917723597,4139
bd8f847e,-18.551043067499677,-0.05999999999949068,0.006380438856405372,16.766473279257987,50.197226485554935,4961
bf39bc20,4.711457720701901,-0.020000000000436557,0.005881963957837577,8.268378772175513,5.063449609956457,3303
c03fba65,1.4504166856654592,0.030000000000654836,0.005973064540085275,13.58133650794924,11.415476644969791,3699
c2c4db09,491.5419138312367,-0.050000000001091394,0.00676461381022673,497.75558414984016,11.433171391840606,6039
c42fe306,-280.50436791045126,0.029999999998835847,0.006172317231101692,27.66813797155006,10.669840622738482,5095
c50b42f6,3.213491919441026,-0.019999999998617568,0.005788782255420691,35.76486784716797,6.339365887796099,6014
c6b782a4,-3.7395854193114246,0.05999999999949068,0.005983101202556421,3.8229717087424158,58.7237095452935,4877
c908edd0,-468.2011540356664,0.010000000000218279,0.007581391693019787,479.8353560532316,41.295561496852514,5293
c9e980e8,-486.51541709455114,-0.06999999999970896,0.02043991193725175,7.491947428102421,82.581795064585,4359
cc08aa63,-0.44083305293429476,0.029999999998835847,0.00899652710761512,10.862412841633354,10.886370419968298,3274
cdc31d65,-4.724579914965261,-0.030000000000654836,0.0059991666086354044,5.532594335796353,10.133758390918091,4840
d00e7eb9,-11.389183559250796,-0.010000000000218279,0.006928203230177316,115.06036907986068,75.6483909799196,5704
d0a43760,32.90916689999813,-0.030000000000654836,0.00860464990574188,3.4989388397940795,50.25069025199481,4041
d1ecf309,-33.28124358376192,0.030000000000654836,0.005678027826679691,25.442052024371236,8.13490354217779,6168
d217e0c5,5.123747433466406,-0.039999999999054126,0.005577633907058526,13.992949656727236,16.77077020380151,3838
d41beaf2,-3.0941601062422706,0.049999999999272404,0.006337191807138661,3.2689191464925007,33.06105448219769,4753
d5df0ff5,-174.68416678792823,0.040000000000873115,0.00634803119102403,734.49740266073,7.536742486314541,4032
d7ba4f9d,6.624350403165636,-0.030000000000654836,0.006063002556660992,4.77669112230474,68.66341055198953,6023
d9ae59b2,-359.1489835636943,-0.040000000000873115,0.005199999999981279,595.0087227741652,18.400250323533676,3648
d9eca87b,11.802109393700903,0.039999999997235136,0.0056513272776926885,6.363511725923362,68.33161089114165,6373
dc5fbe29,-12.096250057131783,-0.030000000000654836,0.005827520913820635,24.690773914292237,10.0398971261183,5203
dd6bc5b2,-5.3535417880762,-0.020000000000436557,0.011890752709632715,8.836213163373017,28.478005321551727,3602
df8290be,-16.05101523894973,1.8189894035458565e-12,0.013994284547648358,19.110870620770864,71.9453260181733,3972
e14d641e,-15.110426380166018,0.020000000000436557,0.0066915992110303255,18.931101126763146,15.976188314673102,3184
e32da4ec,-1.1299763144243116,0.030000000002473826,0.006163602842434341,4.449894698521438,4.708279536548877,4689
e5864244,-14.623747056817137,0.0,0.010667239567980184,6.187525901674319,91.92963636147539,4469
e85074c5,-210.15833654432754,-0.030000000000654836,0.0059321159800797794,205.99376557741016,40.13227027715576,5675
ea41324e,25.21396142494973,-0.030000000000654836,0.006069596362284341,8.83353818510377,9.985988187631902,5025
eabc711b,22.11438511981214,0.030000000000654836,0.005915234568562162,15.153946169151292,24.78313235170063,5348
eac10e86,-10.603552147683331,-0.010000000000218279,0.006317436188781976,7.373575638164094,32.39798929182762,6067
ebe69318,269.6256723570332,-0.020000000000436557,0.006189507250116156,289.57850340066466,9.209400723937383,4976
ed6436d6,13.265833244274063,0.030000000000654836,0.0057236352084562665,85.56499419543816,9.686088677694517,2945
ee4aecac,-25.86416641971209,-0.020000000000436557,0.0687440906552328,4.244354391505967,33.923629909272066,5265
efde6ac3,0.5211151700023038,-0.039999999999054126,0.021857492994370717,5.675282527626407,2.6626840681214428,4559
f07d7037,6.188747981836059,0.020000000000436557,0.00613106842241698,3.75896992375251,15.967892595826925,5563
f321a31c,31.230417202366652,-0.030000000000654836,0.005251428377201435,23.464912391294945,48.335993907815705,5141
f56d3ace,-36.0154144221724,-0.030000000000654836,0.006949640278478736,95.0349190290712,14.855215172413653,5432
f6bc699b,-1.896250237930417,-0.030000000000654836,0.0075018331094349085,13.239707318490154,5.36740673477341,3752
fa31da94,827.394167928704,-0.050000000001091394,0.006289674077365118,826.3325635189769,4.031223030064821,5027
fb3848a1,-263.19748934812935,0.040000000000873115,0.005562148865375707,284.1245752891364,24.028144152784176,5919
fc03f21f,15.455826609174892,0.05999999999949068,0.25446783195519423,10.942556635003326,44.7876622967126,4803
fc0d20b2,5.239999606029869,0.049999999999272404,0.005695392874949814,3.6664574511843875,14.435963113328379,3954
fde20ecf,28.63291798770024,-0.010000000002037268,0.04176047772728941,54.768224004501455,31.82062698049855,4667
ffefef30,0.9250201049601401,-0.039999999999054126,0.005695392874816473,2.7556740628051797,10.710478750269225,4570
01869cd4,19.88416977217321,-0.039999999999054126,0.02432591211032727,17.486398480420174,13.003477527233201,5557
03a935ae,23.137500288380238,0.020000000000436557,0.00610245852094558,22.749909791750376,21.74397243718125,2786
059c8f24,-552.1353621319188,-0.019999999998617568,0.0164613942301703,209.04319060508445,104.33679602770684,6258
0849b4e2,10.131252355658035,-0.020000000000436557,0.006144102863589177,11.259304412675526,24.891851581798615,5537
09441b8d,17.164999280136726,0.030000000000654836,0.005512712580849027,9.407108395378502,9.860501089930292,5488
0bbf5e67,34.85166391565849,-0.040000000000873115,0.010064665915867356,61.94933232825917,27.087674277992686,4298
0dc835f3,-1.1474857006010097,0.030000000000654836,0.006159342497507844,12.95893553338108,32.157990704618356,4428
10b89021,15.924754986503785,0.040000000000873115,0.005929586832138369,118.8747308574704,41.71011842239114,5414
12203f2a,5.849373996554277,0.040000000000873115,0.0055747197238936435,4.289678050246966,3.626097322409,3261
137d1e44,-1.7566727844132402,0.030000000002473826,0.00607268474404274,11.054645009824846,13.505520203910066,4554
13ce113d,29.44964854403497,0.049999999999272404,0.00589576118909879,78.63233641200029,21.383992079989607,2966
14fee784,67.84555525785458,0.039999999999054126,0.00573563422817745,67.99359012403563,16.052159235616177,4910
15e154a1,-0.10252695274175494,-0.020000000002255547,0.010944861808174146,0.5432833888126849,18.843729717057414,6068
177622d7,7.347491778195035,0.030000000000654836,0.008250909040763173,7.8630690957374485,6.757814001477142,3154
19871e7f,-6.179164607947769,0.039999999999054126,0.005624944444182278,5.356243184614687,24.9438795746503,5293
1a68190b,-10.950621642723263,-0.049999999999272404,0.011374972527434022,4.286475892964445,48.09410187473026,4474
1b1eba53,-6.311666851991049,0.0,0.011673795440977673,28.806815993396082,20.2309952452769,4655
1fdbba44,-6.145831915360532,0.039999999999054126,0.005851495535456667,9.296258084995083,39.56446862919453,4911
203721ab,269.7811803113075,-0.020000000000436557,0.017226723426116034,258.89530985794363,11.113136056566837,5730
204cc64b,-1.137086353959603,0.040000000000873115,0.006740734381480916,22.18278633284822,18.984813990476706,4805
23b9beb0,0.010747527177272787,-0.020000000000436557,0.006279928343535746,1.1813699500438108,52.08989513134694,7340
27300fd5,-7.0862762253450455,0.020000000000436557,0.005656854249527429,8.602487679809615,51.511239322289626,5467
28473855,-1.3664583695627925,0.040000000000873115,0.006235182435109562,27.43249686787211,16.434337365972574,4290
28f4eda9,-12.63020817210554,0.010000000000218279,0.009793365100858617,9.613197868547692,36.99879266602215,5266
29b24409,-1.4708137756402948,0.030000000000654836,0.01163776181231426,3.4095225990488007,19.16402407739865,5587
2b06ad65,4.851042508298633,0.030000000000654836,0.0064867171974944205,9.29290571547074,1.8737737353251978,4256
2cee0cba,2.197079810627656,-0.050000000001091394,0.0080110860685966,6.697602823119363,56.17198633793846,5500
2d35f86d,-136.7058332803938,0.030000000000654836,0.0050197111469257585,315.45118888981756,40.6139938066667,4896
2e63d9de,6.798541271411182,-0.040000000000873115,0.0071909665552835796,27.438869086915894,36.44353377762374,4699
30d75030,31.63333203812749,0.06999999999970896,0.01395134402129705,15.845481790471045,61.410935073331224,3404
3417285d,-4.0620846486654045,0.0,0.02495871591246962,97.13261581719782,99.62505545548746,5449
35b30c7f,-2.2487440581217015,-0.020000000000436557,0.006041316081571257,9.929347766092928,87.64430593239709,9579
3690a146,20.748957642585992,-0.029999999997926352,0.006759992603543861,18.352163610578447,14.167299949524702,4073
398dce4b,0.28708529867844845,0.049999999999272404,0.005799999999984219,6.580067521985952,16.9701042689826,3166
3a824aa7,8.132914775342215,0.020000000000436557,0.006131680030832047,74.2528304302984,17.7169482390423,4201
3b21ea64,-1.2622197214141124,0.030000000000654836,0.0059310622996386645,9.679610793673142,12.796266676677247,7376
3bbe1f5d,-11.705384608977283,-0.020000000000436557,0.013600000000037386,9.392471965219732,47.78191172548792,6918
3e011332,6.6879167036190665,0.029999999998835847,0.007053367989948218,7.01474047243507,29.28889452032396,2723
44441e54,1.3650156841090393,-0.03499999999985448,0.005656633274244538,6.11586699957553,19.377553714967345,4357
46a301e9,-19.515208352135915,-0.030000000000654836,0.006237788069478821,22.614299808118947,8.69713509840565,8226
47222616,5.592506763065558,-0.010000000000218279,0.013773525329500904,6.708115492888834,90.86350502872965,4406
47ee27ab,0.19931988454482052,0.039999999999054126,0.006273754856591472,2.4265886186982892,30.307810475075883,6397
481de5fc,1.3954170818557259,0.030000000000654836,0.005565743436444136,13.559059355816629,23.203037237295987,5952
4a335117,9.85894567945752,-0.030000000000654836,0.005298820623627951,3.8950083930830477,10.402359776357848,5015
4c3168cf,-9.816666144516148,0.024999999999636202,0.04472580351424535,4.911035290016101,15.935184018679934,4334
4ddde4c1,-2.432507612857762,0.020000000002255547,0.014857657958125846,5.778176173099204,38.668680534105576,4472
4f4afcc6,7.478749017918517,-0.030000000000654836,0.006306940621091131,10.38499212813722,15.55304783764739,5645
516088b7,-7.5970862991339345,0.050000000001091394,0.006523802572203326,14.726995976714003,48.636443571309385,6645
5305524b,-8.14999952199264,0.020000000000436557,0.008714212528984692,12.93216169493392,50.42671295979508,4898
54753541,-7.8249990925648945,-0.030000000000654836,0.004987734956794038,6.571818004130667,11.211577626469902,4026
5663b2b7,-6.278328722817605,0.020000000000436557,0.006209669878370939,6.22332425916683,22.562995339824944,4972
593876b6,8.629575561314937,-0.020000000000436557,0.009020947843740796,4.441922935992061,39.668891449467615,4842
5a63b5d1,-17.97791591862324,0.020000000000436557,0.0059363288317308424,60.80281098053505,42.37551751716694,6217
5b7b6324,447.38416676450765,0.02999999999974534,0.005953150426510277,8.439553051601823,26.27636051205029,6564
5bd25f59,25.446743448891198,0.050000000001091394,0.004659399102794817,11.911388533306095,22.646378419314537,4210
5d7198fd,22.217907476348273,0.050000000001091394,0.1824570086348216,5.629150721881819,6.235876312642898,3368
5fb1c15f,23.714185497176913,0.040000000000873115,0.007944180259823571,25.631426926325553,20.211633605026343,2860
5fffa282,8.978963940569656,-0.020000000000436557,0.006371616749237074,8.743485659319386,23.101943612829526,4201
62569ae3,-215.08519765826782,-0.010000000000218279,0.03466897027601277,9.86783256680636,40.95132185666565,3588
65156b96,-23.547917001317273,-0.050000000001091394,0.00797245257122088,11.709185827300198,9.680159946003549,3221
6767c111,2.8804199244277697,0.06999999999970896,0.009554972527406108,15.286880855976595,27.706821344791486,6783
699ea575,-2.8460418674753782,0.020000000000436557,0.006180412607471269,5.3113344857122184,7.1161399571035115,4120
6d6d93af,54.44854155897235,-0.039999999999054126,0.009969829486934175,4.275200825790321,15.546767306397586,3595
6ede926a,-5.847926481748345,0.06999999999970896,0.04004984394479367,3.398032809765022,112.0134935848145,4938
71642c7d,-11.610820511039037,-0.05999999999949068,0.08505357135341912,11.752167453179027,60.46253779632068,4648
71ccf778,36.92748611398747,0.010000000000218279,0.0056953928749027055,58.743740189988856,23.646135245140993,2698
7271dd80,-5.157917526611982,-0.040000000000873115,0.007628237017888546,6.3017992315748455,17.827955008900503,4340
73348914,1.5049996132381693,-0.040000000000873115,0.009536115561383186,22.870508073063313,14.409986483987874,4221
75d20a82,-7.642060123582269,0.020000000000436557,0.005670978751445049,4.951737165206959,23.792058709168746,5067
7850c72e,26.653756260880073,0.0,0.016762980045303685,27.750815735780584,100.41467096643697,5497
7993a768,-101.4808345294532,0.029999999998835847,0.006928203230200945,72.47574250630883,34.44699302032101,5487
7bb17b96,-4.658749755602457,-0.039999999999054126,0.005787702480236613,12.46268044573335,1.5379413901737746,3922
7d50373e,267.604787961041,-1.8189894035458565e-12,0.005830951894816601,247.79561130653514,61.27013403657187,5122
8050c789,-351.40824192697437,0.040000000000873115,0.006098975323704203,352.0003198768951,19.8907581200452,3077
8255c867,-2.5895832111159507,0.0,0.02034182882632818,30.44343178635351,47.27494556775524,3589
84633df4,7.154997123843259,0.030000000000654836,0.005477225574971957,7.521846087132252,45.70040267366976,4972
8612b37f,-133.7804175513886,0.06999999999970896,0.034756294393959046,186.87297460563028,79.56788295624875,5165
87695469,15.271249397437714,0.039999999999054126,0.006877317790997347,16.791733368390865,24.31694873476043,7003
87aa3730,10.345208560867263,-0.020000000000436557,0.005109794516344158,22.03416366280219,59.31882894668591,5607
89969c7a,-9.240416852817134,0.030000000002473826,0.014035668847623254,13.825347556727293,22.776699719002835,4947
8a3da6d1,7.548784009577048,0.019999999998617568,0.005440358443961381,7.134328046197481,48.03246500751633,4593
8a89da23,20.576896922999367,-0.010000000002037268,0.010380269746041473,7.8406155985031285,25.398288811080736,3935
8b95d6d1,-8.025897682691266,-0.030000000000654836,0.006082762530087097,7.736467584342024,3.46994001480789,1731
8cc800b3,-440.87291766102635,-0.049999999999272404,0.007587983921832821,195.05835881222828,20.058910711144556,6576
91abc4c7,2.543332811594155,0.030000000000654836,0.006131680030882106,18.983527348610597,5.584023568860218,5848
940a48d9,-1.7833330967500842,-0.029999999998835847,0.012359611644351794,5.715776102854712,7.3036424377668325,3963
94d813a4,-5.655832827507538,0.050000000001091394,0.012529565036232435,14.121318076159241,57.49304203754445,4847
974802e7,-4.618749905533832,0.050000000001091394,0.021333014320478898,8.821296476713934,31.437457876478945,5843
992c99e8,-6.319161234223316,0.030000000002473826,0.006383572667588921,16.75691419659055,7.026568991359492,4904
9a6b0392,0.15708722567319455,-0.029999999998835847,0.005941169918454787,4.385030328066973,21.565156147704677,4255
9ae248be,5.589376778969836,0.039999999999054126,0.005454356057621169,9.55656288841225,43.16229936189585,5271
9c350a6a,-430.3747914008511,-0.020000000000436557,0.0060630025565355855,86.8965752269331,8.538811641823877,6052
9d3ec64c,-25.105837478284684,-0.030000000000654836,0.010601768720358541,69.58248245515617,21.694849994731246,3480
9def2eb2,14.918751061829653,-0.020000000000436557,0.005392355700453342,8.723845305830544,51.587336004518725,6003
9f0c7bae,-27.584999999999354,-0.029999999998835847,0.009449735446067916,26.991506829310005,17.027457125676033,2542
a0b83014,-40.49241310881098,-0.020000000000436557,0.012581633439299009,18.37451684414251,4.793680336823022,5035
a2e8e7f6,-4.175223655039076,-0.030000000000654836,0.006157109711637303,11.984688990166067,19.86056600404045,4760
a4719920,-17.082122648436325,-0.020000000002255547,0.008332916656214445,10.447918193448078,52.542277384428765,5884
a4cdbb0f,-3.8845838937863846,0.039999999999054126,0.06508976494048828,13.988350272382336,18.24042455885789,5204
a622ce4d,458.88945506158007,-0.049999999999272404,0.005753042673381036,495.13898725630804,16.229174333022772,6298
a6f967fb,-173.6990861727395,-0.020000000000436557,0.009247161726625472,6.191521131747981,9.680004135333888,4670
a7fc3e6b,2.7716667709300964,-0.030000000000654836,0.030474538552632508,23.607942259659175,24.709259301885535,4764
aaaf3c03,48.669140505706764,0.010000000000218279,0.00941156203819358,42.14818510442676,39.31207260919017,2997
ab6fe95d,-10.107497372704984,0.030000000000654836,0.008689649014772977,3.459129093060776,13.05687761777024,5491
ad2133a8,-6.220833752323188,0.00999999999839929,0.011668761716702508,10.81201641705814,47.59520590004671,5729
add9c322,-10.070427670691515,0.039999999999054126,0.027739817951837185,12.748242327590805,17.811580451899022,3932
aed44918,-40.05083289731829,0.030000000000654836,0.00834850285981154,56.29899730840999,10.09843714213532,2719
b37fd114,10.918332113023098,-0.010000000002037268,0.03762857956392799,36.985823325950115,100.05731775326137,8161
b585b4fa,3.7837403406138037,0.040000000000873115,0.04815090861029423,8.288825502558309,3.2469124246819963,4294
b85f7b06,1.617888235288774,-0.049999999999272404,0.0059084684987352875,269.82222588026406,13.627086607660269,3803
ba48188d,-12.311927644488492,0.029999999998835847,0.009888882646701526,18.148243622534643,2.8091067458520023,4166
bc4381e2,-13.778469686370272,0.039999999999054126,0.014531345429870772,81.2361002295965,23.014934451388985,4955
bd6f0e19,-0.7762498616980338,0.0,0.007667952790711337,7.911264409341994,82.42412690900659,5140
beda8696,-2.0329174722526204,0.030000000000654836,0.005827520913711386,10.03388800722572,42.3888192507522,5912
c03d4aed,-16.37708366208244,-0.050000000001091394,0.00543231074220659,19.837325143873322,33.563943170733694,4641
c2717d4f,0.49357309554557105,0.049999999999272404,0.0063047601063552375,12.562481499427124,29.83618714030195,4721
c3957531,3.210004757260549,0.020000000002255547,0.03569926469827835,38.58217916995234,11.815922644704834,5316
c47e0767,-2.83878627990498,0.020000000000436557,0.005736723803776545,6.611048097824665,34.18890917166026,4356
c6797dd7,-3.626671026861459,-0.049999999999272404,0.006244797834940589,9.0841136338373,58.51430374205186,4664
c8d9680c,476.2503602171073,0.040000000002692104,0.005681329069756538,9.382641602985482,23.951860916005323,6281
c9e6734f,8.426665479877101,-0.040000000000873115,0.007193747285079324,13.046603218162968,80.88759160420398,4735
cbe62450,-481.6865632654824,0.020000000002255547,0.01298836017360734,7.37229257352022,84.39519462515737,6258
cda7eb37,5.121248999125783,0.010000000000218279,0.005840376700191781,5.82719199138844,53.89472222136081,5973
ce8399b7,-0.09881890059386933,-0.040000000000873115,0.0301237032915932,0.5733167323134493,5.078282149491752,1615
cf50c9d1,1.5383378182818888,0.05999999999858119,0.006928203230157624,4.037047247233312,66.80028028315279,4858
d0a0e7b5,-1.1070811336082897,0.029999999998835847,0.0076770762663961305,6.829929379870741,3.3447702614880748,3816
d1ee630d,447.3129850301707,-0.040000000000873115,0.011955647201268208,470.43494731385266,21.647404890339686,6290
d40f61d5,4.78084162013829,-0.029999999998835847,0.008414125028741412,11.861936627342345,3.668901988105594,4039
d543916f,0.420208658768388,-0.05999999999949068,0.013964240043806716,280.188197832003,82.11485157735105,4799
d6dd7330,-2.2758288647512472,0.019999999998617568,0.007355949972638554,9.668403368496948,31.6079463209513,6193
d924e971,105.85979149586547,0.049999999999272404,0.01146200244287316,22.10285369395219,11.81368000247481,3184
da2d4d7c,-0.07333431336019203,-0.050000000001091394,0.013974888192776471,6.929801727067198,26.09284505979595,2114
dbee6c86,4.638343088849524,0.039999999999054126,0.008395087849451711,13.638368974040013,25.563396114468727,7369
dd64382d,5.311251310412672,0.049999999999272404,0.006431174076476537,4.47941573853208,13.889138692495813,3124
df73b8f3,4.8283335278347295,-0.030000000000654836,0.00643719659487904,25.48515508694657,30.73078851409905,5311
e149204f,7.21906244106367,-0.039999999999054126,0.0054690035654386794,29.560249152317223,17.406350355928986,6097
e4726608,1.1032906905484197,0.030000000000654836,0.00798498591093397,4.370534558953766,4.7694903797590005,4733
e730c32b,-498.58708019199184,0.030000000002473826,0.009324028099536627,467.31723042547503,24.65485346706917,4728
e7d0c1de,-9.802917527177328,-0.030000000000654836,0.00875771088809836,6.192745662497019,10.826353956877066,4711
ea3a0e38,12.750416091320858,-0.029999999998835847,0.021701612843354364,15.925985097246475,37.7259254342045,10052
eafb863e,-3.2766672601551363,0.020000000000436557,0.006514407110346523,7.8614400783019125,4.900531926928993,3568
eba6605e,-28.81333704222766,0.020000000000436557,0.01507945622363959,9.460826996628096,77.34656843296652,4410
ecdaf714,-14.103332753542645,0.040000000000873115,0.00773159103941289,23.73007842344703,26.19583030226465,6592
ee288beb,104.8766649031088,-0.06999999999970896,0.005857473858249267,14.672998232791242,110.22975562340693,4638
ef8e3ed0,-6.648335386413692,0.010000000001127773,0.006047933531374293,6.269187040515034,48.40643697345716,5224
f053a1b9,-10.887292224943621,0.019999999998617568,0.017977138259475653,5.48894906461413,14.882884430116446,4108
f074d277,-215.2083355525658,0.049999999999272404,0.010836973747272162,21.807523084799982,3.6134740534273426,2453
f2d4c8c9,-32.92749844945865,0.020000000000436557,0.010031948963290313,20.713097483082308,25.445782739868783,6249
f4d12d23,2.0554170151915514,0.020000000000436557,0.013546124907109125,3.173052564635896,4.423456018826498,3701
f6824bb0,2.6699983508269725,0.06999999999788997,0.013167763667301075,7.584282340199005,100.3273355134933,5015
f88ddb26,-1.8862516071353639,-0.020000000000436557,0.0069999999999903854,6.700308289448635,12.342930703215956,4990
fa16d114,6.74229161825815,-0.030000000000654836,0.005863232896626862,4.63953560279092,5.117375917126946,5686
fb0904bd,1.924166754099133,0.049999999999272404,0.014974645237876762,149.34702440304667,22.119767133155857,3181
fd8f77fa,9.822290553879611,-0.040000000000873115,0.015915715503806917,52.5247303202621,24.20564454287808,5272
ff0aea78,-9.10250839282753,0.009999999999308784,0.013749181793879376,6.872564003343676,31.14143627032263,3261
000d7d20,8.128740774756693,0.020000000000436557,0.016877203559825367,7.279051479439481,9.68882703420888,3836
015fe0d2,9.133957944421809,-0.03000000000156433,0.007019793444239796,260.38002277775746,8.242330608625052,4296
0390d174,-8.62999999999954,-0.030000000002473826,0.005999166608840979,8.203298741187567,25.368282376358067,4411
05948241,-154.31921465172627,0.05999999999949068,0.013249905659989713,157.69739388834216,47.0472159156633,3879
071d7b45,-389.10041681150324,0.049999999999272404,0.027440845468003672,93.58901625831176,4.445531681908005,3211
0a57a29c,11.271669098356597,0.039999999999054126,0.010387372141125764,10.733692061034523,33.42332774867826,5821
0dc5e64d,-10.436453490828171,-0.06999999999788997,0.02403533856636181,14.171702925228914,73.55522911390857,4879
10a1281a,60.41063000918825,0.06999999999788997,0.017581524393585814,7.727900133776257,115.798419024647,5609
11d0f5ac,1.313750332282325,0.040000000000873115,0.011213830746032749,8.924340514427502,20.678480303778656,4883
1285a37b,1.951380305255043,0.029999999998835847,0.005922626106704896,4.450436204585259,10.525262071379949,5597
12f0cd90,-7.381258788354899,-0.06999999999970896,0.0553948553567942,10.642776713296545,52.41887517445831,5947
14ad5efb,10.545212890099492,-0.050000000001091394,0.014358882268486374,10.46619451626638,3.857203947219149,5842
1590af81,20.297908638436752,0.039999999999054126,0.015554340230301491,21.003587494968315,3.498833268074625,3799
1770d7c6,-1.600832605377036,0.040000000000873115,0.006461423991784895,8.64623384193518,20.915539633187848,7240
197f8a5a,-48.391267736610985,0.039999999999054126,0.005736723803737861,29.260150825809536,31.113773813606066,6310
198a5607,0.5870603722446504,0.039999999997235136,0.006042350536020094,11.75432736511918,19.0411531447524,6251
1b1c5372,-13.993749868510804,-0.040000000000873115,0.0061965716329642,9.427712458740348,8.833597107992377,4261
1beca81d,196.61639895607777,-0.010000000002037268,0.020231102293243153,164.5846231009829,53.81572350978865,5036
1f9afacb,-3.076253016742271,0.020000000000436557,0.008422440263996333,6.248192913924794,27.239606541723788,5328
201661b5,-101.2033332910612,0.030000000000654836,0.011196428001834149,52.39000786438262,14.420078933412682,5955
2364716c,-2.654998965235791,-0.030000000000654836,0.005074445782574428,11.815559425706603,19.56653525271574,4316
25fd32b3,15.949166507664359,-0.020000000000436557,0.01218646790500275,138.3221960535663,6.472014047598686,2885
272abef3,-0.7887493142900439,-0.020000000000436557,0.008304215796860076,16.81389425630408,41.53847849793979,4135
283269ac,11.387083143129075,0.030000000000654836,0.005545268253187979,3.466346974776082,6.518833847575365,2626
29de15c8,-15.12581413043199,0.030000000000654836,0.009327379053023289,3.8890297255539044,6.396432745442793,3431
2b034622,10.120417536032846,0.039999999999054126,0.006314863419022656,2.9817372834753395,16.94519048774465,5203
2c0c4a4e,4.4450009457468695,-0.029999999998835847,0.011366507819139315,8.059090604930008,10.209174768770591,4790
2d2d0c6b,9.871663161899505,-0.019999999998617568,0.005959026766187316,205.10474282531064,11.673828592218005,5045
2e43c2ea,7.187950582488611,0.029999999997016857,0.014293267645935826,22.79513354025998,13.283978677309264,5698
2fd68f7b,-24.555009911363868,-0.049999999999272404,0.005456876395908063,21.853052091340658,30.608044147927313,4730
2fe023be,16.24749980967954,0.049999999999272404,0.0060973354836564506,31.219512070315417,22.453678704523888,4221
3407f5bf,2.7487125228622062,-0.040000000000873115,0.011019868420299036,14.831131380894831,10.781056345190617,3638
357c12f9,-1.6995841201501207,0.040000000000873115,0.0067638746293416435,25.21902618189173,5.876956453798698,4079
3584a6eb,10.439169329909191,0.029999999998835847,0.005454356057379387,18.96319276316276,22.223137127788345,4494
368fe682,6.251041365586161,0.029999999998835847,0.007876547466883339,48.54108016780483,20.870388929269556,4936
3932faa6,28.4212498137083,0.029999999998835847,0.00559441685967961,10.378105411556355,20.242738188075574,5452
3a7dd95d,622.5226871443916,-0.019999999998617568,0.005874521257181808,31.096377319598076,4.017118961309151,3072
3df4b19e,4.81417115753311,0.029999999998835847,0.01326649916141639,14.380869562448222,6.552048750381977,4988
3f603129,-39.32813071007172,-0.05999999999949068,0.005429318557705882,103.84316349562064,75.47658279821177,5051
42669188,-4.1841662605402234,-0.00999999999839929,0.0356873927318694,2.5171024914140365,114.1071492406744,4282
43e16325,-201.9675021417013,-0.010000000000218279,0.00548087584243597,119.74150138388043,7.524089335337285,3720
45fb3e21,0.4762553008131363,0.030000000000654836,0.009464539080143528,5.382954565710942,4.7786902098549495,3649
466fc788,-235.11537628472433,0.030000000000654836,0.012312493654811343,243.37902607948322,22.595485816739842,6197
46dfcfca,0.9616652013239673,-0.020000000002255547,0.007483314773562953,3.085362574862143,12.487610641082108,3606
48c1f673,-16.339585326028555,0.06000000000130967,0.005880263599536375,12.623033223883779,3.8882360903261675,2917
4a035ec2,8.799791281005582,-0.030000000000654836,0.005678027826647655,5.739659671890835,18.491283400232746,2588
4c2208f5,3.170018494563351,0.049999999999272404,0.006371616749261769,12.606929180231365,95.59310032272855,5384
4cecf7b3,-229.57431355203153,0.019999999998617568,0.010573079021765186,211.9279822802413,32.23924929600869,6019
4f4ac5ce,-3.1004315627494634,0.030000000000654836,0.005592629077561654,257.609773543636,3.7937232195009276,5162
512943b2,15.305208592683698,-0.020000000000436557,0.005894913061227043,13.601579155836603,31.139310086347685,5029
5138a660,4.209759967549644,0.0,0.013506942659267268,7.727721614427184,85.3308836386732,3559
52f1e77a,-0.18500158067308803,-0.020000000000436557,0.01875606568550649,7.2944478599806,10.426583305372803,4442
543198e8,-13.9616671477213,0.059999999997671694,0.013542156401392001,20.06790220404731,37.94870009086286,6503
55efee7f,3.286876178419334,0.06999999999788997,0.005914177880364362,4.350913823090451,73.83583877832724,4801
577eec7c,5.969583276341609,-0.030000000002473826,0.009721625378497925,11.435291314701555,20.988778261732065,4539
591cc951,6.69187356610928,0.049999999999272404,0.00793158243981303,4.8572860243252425,15.662227397400992,4609
5a5d1982,4.726663134286355,-0.039999999999054126,0.005915868490775387,5.473474554622597,16.381046292612112,3894
5d11dfb5,-3.6843704551502015,0.030000000000654836,0.005364466422652032,3.37438337353224,34.11200240647599,5895
5f6756c5,196.76333327793031,0.019999999998617568,0.005595533933280439,28.4149476812181,72.32971490855078,5931
61f27424,38.03583169207832,0.030000000000654836,0.0055713553110687195,26.373110538877857,10.921710953093966,6220
647f2a41,2.4895804527327527,-0.030000000002473826,0.009096702699291234,5.198722148632258,15.395884136722458,3881
65a5466a,-0.318573928838191,-0.049999999997453415,0.00999687451153003,12.113452067960793,39.64126628635356,4683
660d9546,-11.547298655045324,-0.030000000000654836,0.278662591676746,25.319318546230686,16.08754612596059,4732
698930d1,4.531265571240056,0.049999999999272404,0.006146340374590431,8.300770601212003,35.096218217430064,4741
6d590e26,481.05801247406214,0.049999999999272404,0.006782329983056074,7.461135715783695,30.580833979368673,6096
6ea22614,12.582924647519576,-0.020000000000436557,0.006677574409965767,172.4083446406877,62.53432501571995,5971
726f3dc2,4.802509030457031,0.040000000000873115,0.005517245689736004,7.8168906042554696,32.25293310251632,6723
729f4217,10.944163802238563,-0.029999999998835847,0.006666145813028167,4.622202506658132,15.03660006684128,6195
75cd5f11,-11.267711933207238,0.00999999999839929,0.007989993742156394,8.828045728910652,109.61300160435017,4946
77e4821c,-60.42221456372636,-0.029999999998835847,0.026314967224029054,260.4328967758111,26.2941908610524,5393
7987f2f2,10.142072725175694,-0.050000000001091394,0.0057584720195002,5.675373204993931,4.666464700631201,3705
7b38844c,1.4085375942993323,-0.030000000000654836,0.006364746656572195,7.626820878278662,2.2289906832014736,3749
7d57c75d,-6.537498407107705,-0.039999999999054126,0.01029453738633921,13.98646593011897,21.95225574866225,4405
7ff89f8f,0.6664586915753716,0.020000000000436557,0.006063002556480083,10.935505116508494,35.394645084043404,7337
81fc01c6,-0.8297927926041666,0.030000000000654836,0.006301587101716543,48.06557284389626,38.50912736706856,5909
8382f4b6,19.868719523031587,0.029999999998835847,0.005607138307628099,21.416095961318323,12.189801441649525,4967
85380836,0.10457219204681678,0.010000000000218279,0.012251428488063702,20.91131090755615,78.81124826212373,6618
865033f8,186.85020048362014,0.030000000000654836,0.006651315659489043,200.60520493945853,3.0753080390406025,3557
8995c945,-5.201041519106411,0.040000000000873115,0.009640409742421922,17.85569213432054,86.93126512940069,6724
8b5be31b,9.960415310983535,0.039999999999054126,0.005477225575181181,34.51868974068127,13.659440654763765,5672
8bfa881d,-18.19790388422541,0.010000000000218279,0.011346805717889777,4.5229308763609035,44.85493772349287,4089
8c167025,22.440832719569016,-0.040000000000873115,0.006410733187329544,21.48465111451363,39.27386849413601,5368
8c8348e8,4.456247041703136,-0.05999999999949068,0.025521755425504177,5.4747418783044095,105.73022957096298,3888
90386ee4,1.0024955309822872,-0.040000000000873115,0.0077651464892795315,4.563954054255769,9.691298004690541,3840
9283ae69,7.250000000000455,0.049999999999272404,0.006330679268312644,7.065011009147921,3.6312835757965347,3371
93f5d2e6,-21.8771090881894,-0.020000000000436557,0.005222786612566176,11.554207454305146,29.694652796658932,3691
944f36b9,-2.5721344370365387,-0.049999999997453415,0.0059924953065693546,6.710220799662923,34.82094635686356,4630
9719aa04,14.942895289474563,0.029999999998835847,0.006398241945850427,9.492431126100124,26.393594439073027,4871
98bc6f66,2.4794161583563437,0.039999999997235136,0.006624009359953415,16.695847069075647,39.34625205423927,6063
999daf80,172.58035344240056,0.039999999999054126,0.0058472215623947095,203.51108234556406,20.519327890842664,3564
9ad5410a,-12.526456935034957,0.030000000000654836,0.005847221562305117,9.880236150464508,44.569121584507016,4205
9d072e4c,134.17873888005215,-0.010000000000218279,0.04402624217442732,77.33886188355216,58.59795241709199,5107
9dede370,3.0466682417115862,0.040000000000873115,0.011308293416936519,7.454542618019136,7.154692305413741,6297
9e3e364d,-676.7258334152998,-0.050000000001091394,0.006173329733616083,403.81129834795973,23.84561293813441,4290
9efc812e,-10.528123367244234,-0.020000000000436557,0.007735631842201349,12.615962129236145,33.425507082020275,4450
a08d9e63,-12.455522816974963,-0.07000000000152795,0.018093092604658367,26.022880061035437,79.39452426373778,3685
a3518960,25.93499971957658,0.040000000000873115,0.006167657577984572,13.811148727596045,23.01970520828336,4967
a48640d9,8.438958819350091,-0.05999999999949068,0.03380380895697367,18.737472480368968,89.69940046736342,4532
a612d5a0,-5.59709973391864,-0.030000000000654836,0.0070126671103178185,8.229050644106644,6.89656229875146,5329
a6b8ac67,14.278749774461403,0.050000000001091394,0.005771481612214646,28.596137191009113,11.203048365530094,5453
a6ed2eff,5.464632886719301,0.020000000000436557,0.010719025142180245,12.839543415000577,25.96389413772261,5275
a79fd2e7,-1.5583335101350713,1.8189894035458565e-12,0.01525647403562448,4.089287295439739,95.85018459242771,4404
aa95015b,-34.78251992621745,-0.030000000000654836,0.008293973715916333,16.571898329739014,19.965263778617885,4300
ab3ced07,6.1354194474448605,0.010000000000218279,0.009969453345115264,6.842455151556574,42.295980715760926,4250
ae8959c3,-14.138736783322202,0.050000000001091394,0.006304760106397072,10.91336295840644,26.890775290623893,4518
b04b58a3,-27.88646587173662,-0.040000000000873115,0.020663010429242214,83.94888765729998,3.763065066363135,3402
b19b0395,8.51749920514726,-1.8189894035458565e-12,0.009326842981411792,5.2493315159810425,65.65703401550492,5813
b3388334,14.088762689031455,0.06999999999970896,0.01023608812004562,25.099588487942864,149.56569761084276,6080
b56bc0aa,4.728333217227373,0.020000000000436557,0.006549618309506232,10.281751987779796,59.524950125652985,5602
b7fea9ef,8.905703081834417,-0.040000000000873115,0.00953886785738814,32.47230441785528,4.33135528529518,3866
b977be4a,5.942291135336973,-0.039999999999054126,0.005733890476675849,32.51119868665907,41.14519592088854,5917
bd4ae5da,13.683753675331445,0.040000000000873115,0.006097335483580378,474.7034753917506,5.582865389194134,5006
be83e781,-31.97666762880317,-0.019999999998617568,0.011356055653093809,50.83464770514861,25.63779237380892,3221
c03b9305,4.861875509895981,0.049999999999272404,0.00801935159468375,8.728055404057365,6.762460471924074,4255
c1d046f4,-13.514787391779237,-0.039999999999054126,0.009862935668491208,3.928747511938038,27.28326266956387,5513
c36625df,517.7915697794393,0.040000000000873115,0.006796874281521142,14.119056426661503,9.787724659512396,4742
c472c0b5,-40.36999717360595,0.05999999999949068,0.005156549233898146,7.182597243657131,2.3370416590275367,3054
c66be2b8,484.44041317217625,0.06999999999788997,0.006707458535166248,14.63454161188305,78.9099994168504,4154
c70c0e01,3.220419436334396,-0.030000000000654836,0.006434088902047142,23.033024864724336,22.36762582226956,4312
c84c65be,-13.630416692396693,0.020000000000436557,0.009842636841810273,25.035732945239182,79.24871242384677,8496
c99f9fae,188.7100000764417,-0.040000000000873115,0.005672521485035528,15.590769054481013,30.758114980050316,6361
cbe51de1,186.03790286228832,-0.040000000000873115,0.05316004138442476,621.8043141897138,14.340931421071746,3963
cd7f1687,7.122930063113927,0.049999999999272404,0.0055296925770878325,40.95968969639562,29.4837680125834,4232
d085e611,-0.5242870828660671,-0.030000000002473826,0.018907075395152517,8.815680308087456,33.09459283476322,6191
d1457cc5,13.834166689642188,0.039999999999054126,0.014498189542217032,7.330606317746257,66.96812828676777,6920
d3df146b,3.220854769716425,-0.039999999999054126,0.005794609564069376,8.06384354777975,51.17479794953378,5787
d50c649a,-105.56252399594223,0.040000000000873115,0.010882899429813133,104.34071955090037,22.701822746521177,4873
d6c320d9,-1.287074771378002,-0.020000000000436557,0.009905049217464957,14.902420880152036,22.425245409576917,5452
d90aa14c,12.87292635457834,0.029999999997016857,0.005992495306637803,417.1285493119571,7.975181333343622,10018
da3bfe4e,-6.2802115063075235,-0.020000000000436557,0.005969924622381852,15.532905338209892,12.753961451019975,5549
dafc88c3,43.23875007381298,-0.05999999999858119,0.015138609579472084,34.381647299156725,141.84836631443443,5572
dd168de0,5.5095790966179266,0.059999999997671694,0.007873372847891838,8.188313032298174,27.239285447702432,3304
df71d1ff,-21.951298161049635,-0.030000000000654836,0.0058649381921896445,18.64040174389845,59.23462764246545,6228
e0f36d98,0.08708169899000495,-0.019999999998617568,0.007328710664199701,10.972940769093556,19.35587893011356,4976
e201fd6d,20.53999839377309,0.025000000000545697,0.021364397955484987,16.07097888474573,16.250335936432737,5070
e46f4ef4,-0.8241693083596147,-0.040000000000873115,0.008384360440709896,102.72569997900237,86.40899801034482,7195
e6c55748,4.1562874337678295,-0.030000000000654836,0.0804891141707752,6.461572464856064,6.382886371509605,4472
e7c36e81,0.7012548133561722,0.030000000000654836,0.006458327957034051,5.816574102046175,3.6031262138021183,3531
ea0b99b7,469.5395789183806,-0.030000000000654836,0.015135306405885085,9.957083611959783,17.00651831530138,9239
eb934281,1.0324738666167832,0.02999999999974534,0.00583930646560082,6.808359182484555,17.44243615107786,5971
ecdab904,-71.56460466153521,0.040000000000873115,0.0058255900988599795,14.914454403378071,6.7609823943451035,6147
ee0300f7,11.014169030338053,-0.029999999998835847,0.009162968951121868,39.61528346134682,32.344749568159216,4544
ef04658e,-0.5325001645011298,0.039999999999054126,0.005447705939150589,18.979731971116923,3.3572312356023004,4104
f0188a48,83.1212449747677,-0.07000000000152795,0.010087120501024383,6.8195914187898765,34.796237477589884,4170
f03f10fe,19.329562683299628,-0.030000000000654836,0.005394209858589279,15.172044185783346,11.739963252235256,4145
f16e25e3,-11.53307112628454,0.030000000000654836,0.006039660586485265,30.475240748787538,3.002985389831322,4651
f49fdea3,-22.16500479975707,0.029999999998835847,0.009427486409401012,19.626935130438024,52.18113026868585,5391
f631da6e,-3.153333421343177,0.049999999999272404,0.016379178856070258,3.5195621905622865,26.219317874239053,4093
f8662c22,-7.089806273002523,-0.019999999998617568,0.006421837743240833,9.130707012123535,29.82904050010834,5429
f8afa78a,12.484167850046106,-0.020000000000436557,0.005979130371537466,7.3554626459698165,44.6701108156496,6032
fb03ae90,24.606246137224844,-0.030000000000654836,0.010459325982178722,71.1883061648503,146.20656743659666,6431
fbd68d27,-18.00999760027935,0.019999999998617568,0.0073442154107271635,22.40511961391831,209.8390557496864,6829
fd710aea,-1.5316682564221082,0.010000000000218279,0.008634813257917913,82.31132963923153,41.87567175373259,4217
fef8af96,13.776040750607535,-0.029999999998835847,0.006921704992358608,6.447618129877404,10.366084065349078,3826
ff8bb73a,-8.597507649594263,0.050000000001091394,0.006112282715946869,97.09812076898749,13.05089672625208,5927
00e12e8b,2.9999976853005137,0.04000000000178261,0.00608091276049689,2.720058942708404,14.593627356504411,4301
02e7fe5a,21.060621486464242,0.030000000000654836,0.008703447592625412,12.637614908426936,29.384121486755983,5108
052d64df,-11.791250100497564,0.040000000000873115,0.006118619125299376,4.336635311114509,8.130193885525426,2445
06df5958,115.49251036395663,-0.030000000000654836,0.017291616465774068,7.922487077352164,12.227803584612149,3509
09ec2ca9,28.067497067971544,0.010000000000218279,0.005809475019268855,22.307270625599973,58.3034678744229,5885
0d99f8e4,-1.772915314480997,-0.029999999998835847,0.006648120035082844,6.353991031104023,9.643059590445482,5823
0e5e560d,-47.644851496809,0.05999999999949068,0.006304760106297535,16.555565920958166,40.59887821115251,3253
109d9d70,-10.859997278555056,0.03499999999985448,0.044440972086386796,6.235216234525308,24.91427609240244,4215
1131525f,7.017884870731905,-0.010000000000218279,0.013074306864992708,89.58849891999223,33.38944532144169,4159
1295a25b,17.255715037116033,-0.010000000000218279,0.03313755422472115,14.77990691721179,68.40386177085111,5551
14ab73fb,28.010412554393042,0.020000000000436557,0.006280127387263679,7.583970494982723,59.65712615380969,3649
155887bb,16.7376167689074,0.019999999998617568,0.025922191265415295,6.728277184528111,21.72174683891617,5585
173ed841,5.420754114856663,0.030000000000654836,0.023423065555119544,24.138359946697598,32.91294828363264,4883
1944513c,10.968861764200483,0.040000000000873115,0.006091797764355114,9.02080705036889,8.535583473120028,4722
19fb4f7b,7.749588215615859,0.029999999998835847,0.009748846085555032,10.057763477538568,24.903855030116002,5620
1b08ed48,-2.6354393464312125,0.029999999998835847,0.006205642593633961,8.114011032394844,10.509627896657113,5618
1bcb2fcf,507.74146237198636,0.020000000000436557,0.005628276823368179,15.557081318087475,32.967615619477655,4524
1e5e3573,10.073120310176364,-0.030000000000654836,0.006203023456220592,9.18630605092051,27.996134841473836,5480
200d233d,-8.88416492824581,-0.029999999998835847,0.007042549254461666,10.035518378347582,8.067962316164172,3926
230eaaa3,-2.6458330201644458,-0.039999999999054126,0.005285593628048743,10.943745995589005,31.84272531034896,4690
25939962,17.856456921649738,0.030000000000654836,0.005871754422724896,90.21005394230873,10.424453959790256,4319
26d3a96a,13.992290847756635,0.05999999999949068,0.024474272205708685,18.82377047818224,55.90542636896155,4721
27ebb9b9,-3.977913088831883,0.020000000000436557,0.006077622890741682,15.440731612985957,29.31157506016788,5766
2acc78d4,504.1730884904084,-0.039999999999054126,0.006832093383406217,677.7648885204549,19.581258243328264,4266
2bff06cf,0.10770870768010354,0.049999999999272404,0.010486181383169273,31.049154227213585,18.7620850190756,7624
2d196986,5.479166722747777,0.030000000000654836,0.01414213562371809,4.271675837970656,22.00730288222802,6474
2e29e833,97.12601447358406,0.030000000000654836,0.0060158124969911676,54.457727340805675,29.10271381871837,5428
2f19d536,-22.72229183407603,0.030000000000654836,0.026715117443123073,27.655371607914958,6.071320354679777,3088
2f8e53c3,-4.328613191841669,-0.020000000000436557,0.0065414065766469815,1.7286974355900906,9.625535488967378,2594
33c40295,66.97791654769003,0.019999999998617568,0.005929586831999098,44.50990758399213,46.154133594854066,4169
368131f9,2.916557827532415,0.030000000000654836,0.004340506882704718,117.60312038515634,29.937267772400403,4991
374be387,-175.4569173818013,0.010000000000218279,0.020343057783982,152.2207442859418,94.52236013087418,9965
37d36812,-0.0006404165410458518,0.0,0.017837881040054328,54.159358852281024,76.17638400139715,4367
38991fd4,-1.6837486409567646,0.050000000001091394,0.005803231858162337,5.952437322040278,32.090955450774395,4798
3a223519,1.3435196903316182,-0.039999999999054126,0.005174698058846213,4.044446110686592,11.01078365526713,4583
3ac16ad0,-5.1608353085493945,-0.020000000000436557,0.012574179893735752,7.4945665193689175,26.96170867168633,5649
3d96d897,-2.9046032431757567,-0.020000000000436557,0.005583681581152298,7.6223892613890225,40.165821650421215,5659
3ef98781,19.182916627014947,0.030000000000654836,0.01018773772723595,4.727088799087439,7.575066964261299,3892
41fb0192,22.32624790313571,-0.029999999998835847,0.00554616984952682,10.386912945927259,13.440114346468324,2973
43c7f85a,4.879511091543918,-0.029999999998835847,0.005458708638412554,8.518805990435688,23.578309714760966,5978
44a94013,4.278749845679613,0.030000000000654836,0.005137849744841208,11.467496093349366,9.340914411409509,4903
4654e7de,-4.640455183603763,-0.030000000000654836,0.008396278937766326,9.535644033016817,8.446371934516948,5373
46d41ff6,-14.352500654682444,-0.029999999998835847,0.008508672046673377,29.22926149029556,10.256892325830341,7901
49dbc14c,37.49591084684175,-0.039999999999054126,0.006956831175082152,26.03262614315325,18.175793196376524,3872
4b831d20,-1.9920919643827801,0.029999999998835847,0.004625743183510966,6.520407262600138,26.252996591646035,7312
4cd1ac61,8.12666695883513,0.050000000001091394,0.01014692071515357,15.01848089230316,8.67212314916102,4489
4f3eb9e9,24.47839134790854,0.029999999998835847,0.00602308060699427,15.410588685213483,10.254648220375278,4697
4fbe9c06,10.18500192713418,-0.010000000000218279,0.006823488843688986,13.83818802308974,92.2947500619952,6287
511e1db0,0.048473169479166245,-0.05999999999949068,0.00569122131005773,18.221496891920715,22.96141235513857,3821
529e88ca,30.135159899323526,0.05999999999949068,0.00553872729056711,61.897852356096685,29.523918272471676,3417
53f23031,-0.02441103693047353,-0.029999999998835847,0.006472827820999682,4.224802096730436,9.428281868026152,8550
5567d551,-2.315345624931979,0.030000000000654836,0.006763874628985315,56.32330778132733,23.293286992862004,6889
57796579,-1.9122905106530652,0.049999999999272404,0.013171085756375827,10.547363830326551,22.887229723275553,5890
57f05c51,160.97172725173414,-0.019999999998617568,0.01754166468727828,14.14346714185249,12.986513752575991,4771
5a5269a9,182.00687559283597,-0.049999999999272404,0.0060794736615253624,172.44960781060416,20.4377064710587,6513
5aef5c6c,-152.68541573706466,-0.020000000000436557,0.005436910887630861,65.73252254376186,6.092746434048477,3121
5cdd8dbc,1.7762516565612714,0.010000000002037268,0.0059057175684117625,11.10052107685256,48.26525626284313,4010
5f4d2a52,-483.8770849821817,0.029999999998835847,0.005545268253270805,372.63760494034636,31.5638171448209,5225
60e37807,-9.610416564508341,0.030000000000654836,0.014563996704267444,6.728187820215853,30.294693973909634,2699
63559d57,-10.137923494426104,-0.05999999999949068,0.016370705543694457,7.807473496290737,28.69249038175123,4069
684a6fc1,0.10448800525136903,-0.020000000002255547,0.011987910576903413,2.474437795716527,19.193407875695375,9818
6a0ff78e,4.310395488383165,-0.019999999998617568,0.018657706182722014,10.074053239771958,43.489183744666846,6465
6a8fa194,17.438750140124284,0.019999999998617568,0.008227849050686605,3.69414539026175,20.962299755060336,3017
6ae68655,12.611875061894125,0.049999999999272404,0.006689544080060352,9.413237047541564,14.970524483267344,4204
6e9ccd38,-4.346253267751308,0.029999999998835847,0.005147572243339402,12.567461379951089,25.91194207323635,8282
70e1788b,-59.94999999999891,0.020000000000436557,0.01749221255301606,57.55439680183419,34.17235348067862,9285
7256229b,0.32750058958617956,-0.030000000000654836,0.00578251675311648,211.7903875725217,37.43945175055096,5415
729e9750,-12.234373299248773,-0.020000000000436557,0.0061441028637290625,7.754996403573166,46.606986751305456,5919
75c20ec7,15.960038217426472,0.00999999999839929,0.03023139923984316,129.08471882076614,80.761298794688,5361
77b0d905,-23.786667265296728,0.010000000000218279,0.015108855019505901,3.856383416261032,47.29581111388486,4174
796dbd4c,-16.259582475129264,-0.010000000002037268,0.007753063910617549,118.26146262082128,105.91491476253991,6248
7b2c7b3c,-52.33708310699103,0.029999999998835847,0.005238320341515214,14.919768984682529,15.571207112939643,2584
7e721392,17.755833329636516,0.020000000000436557,0.006015812497201767,6.296551534013692,44.62097119188594,6174
81bf5923,5.042083480522706,-0.010000000000218279,0.01343270263199144,7.15697930448237,22.442046707109192,4543
82fcf37c,47.569606194703056,0.020000000000436557,0.0061153495402582045,61.78443657544083,7.708058046734011,6014
833af382,1.9016645240747039,-0.010000000002037268,0.015982412208346106,6.74577307978158,58.9183451083252,3628
84c3b497,-20.226667376041405,0.029999999998835847,0.00625119988488007,16.57103480734999,13.438646403482736,5312
896d15b9,-316.07161791517865,0.019999999998617568,0.007989993742168688,216.51909075166566,56.380870442105,4279
89fdb2f2,-1.7743490585212385,-0.029999999998835847,0.005619386087401393,3.784378261659371,6.187526328116882,2031
8b12bab6,-29.522499473016524,0.050000000001091394,0.0439489476551985,17.451422755558863,72.12991247102042,5234
8bda1a11,12.445455417211633,-0.020000000000436557,0.009961927524430404,15.821024429112063,45.21976104736247,5981
8cc21f01,-4.607293930820333,-0.040000000000873115,0.016721169217519614,18.05479482246525,32.10240072526267,4044
8f201368,-9.971662511169825,-0.019999999999527063,0.009579144011804543,8.69610797482307,199.079325640397,6349
925a7cd1,5.78020597265504,0.05999999999949068,0.0126758628897702,9.250536717296178,60.424292844767905,4517
939d9c34,22.199366414641418,0.03999999999814463,0.010672277170291296,36.09334556013727,21.722406907125023,5101
94467f50,69.68540420809245,0.040000000000873115,0.005722761571204653,57.04093000063325,6.103987857180586,3035
96ae5806,-469.01853715432026,-0.039999999999054126,0.00590571756857231,10.989672432892162,31.889005211129728,9839
96b7eea1,-21.52812829394884,0.06999999999970896,0.005709422037220838,17.061008101387394,66.42084162042389,4332
9896fc0b,2.0018314154301606,-0.019999999998617568,0.011399999999936098,10.515597321667753,36.650030526761476,3595
995ff498,-6.653777954230918,0.039999999999054126,0.005713142742777505,11.787325878256093,21.825970770447206,4526
9ab94eeb,13.178260591164758,0.040000000000873115,0.01156546583591109,7.116560528834601,5.0449211397985945,4442
9b9e3b49,-11.402085930340945,0.059999999997671694,0.021990679843982387,257.84936803225725,50.16961558840401,5118
9c8375f7,-2.890211436919344,0.019999999998617568,0.005628276823288029,3.2020545197191796,10.43194881460857,3674
9da441ba,-7.740624275092614,-0.07000000000243745,0.006193545026792208,8.817294779419647,76.70847877887094,5783
a056d01e,5.656250470500709,-0.029999999998835847,0.005973064540133619,25.35509454678048,8.86230747822198,6557
a247e7cf,21.584683789562405,-0.030000000000654836,0.005019711146997779,32.22829053650175,7.930809002059894,5674
a3f71395,14.503333125260042,0.040000000000873115,0.005878775382713576,24.497509460931777,55.40937374127244,5543
a5e6f7dc,448.9737498923787,-0.039999999999054126,0.015413954716400977,9.043460958546222,48.03344899825637,5649
a783cc24,-8.915666711031236,-0.040000000000873115,0.012401512004532775,10.256438054612525,6.459656226268909,1889
a87433c9,-18.767499986247458,-0.020000000000436557,0.008435638683593219,57.77947150635895,27.126860004614677,5721
a8ed028a,-11.619382919826421,0.010000000000218279,0.0054861188467219745,19.55986620450436,55.09831916831396,5538
a959858c,-12.369991561513416,0.019999999998617568,0.0064247568047802826,19.17080562693977,159.5776244435954,4404
ab18d3fc,-0.9424993932943835,0.00999999999839929,0.008662563131085708,124.99936908525771,134.97402255978315,5694
ac6f01d5,479.6905448870498,-0.020000000000436557,0.007664854858491264,425.2174462930798,18.955210432804037,5004
ae35f33a,-3.2987184584198985,-0.040000000000873115,0.006480740698448278,4.514936331152656,15.184557863093032,4450
aff4e561,10.782083383725876,0.029999999998835847,0.00901540348512872,27.96529621545106,28.05612664928707,6026
b32e4903,1.1937522779968504,0.040000000000873115,0.006264183905374462,31.466359967653784,15.777293710409088,5770
b4f37e6e,-1.4895238900494405,-0.020000000002255547,0.006625518847662933,10.873027867864609,3.850514313169391,2992
b7cdcecb,-5.089993213972093,-0.029999999998835847,0.00543116009711412,31.503155601858428,41.8282249330817,6168
b95e7121,9.141871169790875,-0.06000000000130967,0.008635826538347251,36.837929972402264,23.25762985976524,6306
bd2c2f34,-158.74704734323473,0.010000000002037268,0.0066285367917120665,145.664693252721,88.39350325568086,9823
be35c8f2,496.76249991623615,0.039999999999054126,0.00638043885644728,46.94989042950443,18.98759466535731,4226
bf70b410,-9.01375112003825,0.020000000000436557,0.0051862799770508354,7.448376630858262,18.5993943468023,6347
bffe3082,-13.556251367916502,-0.039999999999054126,0.00603634823385902,341.08871933752295,46.70092900242203,5723
c1708b88,-0.09930917245083037,-0.010000000000218279,0.007337574531074709,78.4874183966126,124.09331958955566,6315
c59b6c4a,17.437082558925795,0.029999999998835847,0.005820438127906032,9.29508614929576,32.81013293235016,5499
c96c018a,19.49791928060813,-0.049999999999272404,0.00905414269818033,16.37706944475087,61.76353660008494,6236
cad13e8f,-0.21833221236147438,-0.020000000000436557,0.008289149534148067,13.947703796494817,11.632172310286428,4848
cb34231f,-22.194000856307866,-0.010000000000218279,0.042726777318205504,23.356641370982825,39.744855009353955,5609
cb879f40,-488.83543929972757,0.040000000000873115,0.005379358697874615,6.883522365987013,14.871989258731018,6315
ccedb12b,1.2429153821159389,0.049999999999272404,0.008062257748219583,6.087706216279482,43.10412298589937,4401
ce55ba43,-15.312085004733717,0.019999999998617568,0.015344054223005325,6.085869456826191,31.933337064433637,4104
d07aed8f,37.20083338785969,-0.010000000002037268,0.006075360071460984,12.183724460228492,4.137427101895138,2957
d114d9c2,7.8733344986553675,0.020000000000436557,0.006437390775811223,6.615850551415076,10.299925364858145,6206
d2f3b1ab,-2.9675061746522715,-0.029999999998835847,0.006199798383915443,14.67480622342369,10.93746063008997,5581
d4f60a28,13.045222667018606,-0.040000000000873115,0.02077733139743469,7.413990768154069,8.205121358993074,4501
d63196fe,-4.48624757790958,0.049999999999272404,0.0055308227237939695,7.535835740255455,68.28150269425589,4510
d84b621b,-26.743540860803023,0.030000000000654836,0.006091797764241648,93.07097470661904,6.893589289944159,3994
da940160,-4.8302152985743305,0.029999999998835847,0.0061081912216746186,3.3065070497219136,12.689146969737692,5132
dc7f9757,55.57541696934368,-0.010000000002037268,0.00609077170813914,47.576472382450035,85.68559257826173,4360
dd7d638e,7.957200375492448,0.029999999998835847,0.08613232552291121,13.590664895824188,6.992035911421561,4301
ddc790ff,-14.912501307298271,0.030000000000654836,0.00641696968971307,4.4831100148955345,7.186671451695036,4726
e03b45fd,-4.472092543983763,0.049999999999272404,0.00754569413639015,8.72800753830462,19.46114658096262,5342
e25f1537,18.940002796011868,0.05999999999949068,0.0057262553207390165,132.38464342402716,19.313487625143633,3177
e2fc7745,-4.424158902131694,0.040000000000873115,0.005325410782273066,6.193523530265597,6.274954673819401,3692
e45a2a62,7.660208606445849,0.020000000000436557,0.20873368199697703,12.558680193939175,53.4240639423375,5007
e5ff9fd2,-468.8797924640344,0.020000000002255547,0.00596468775385154,10.55230046453442,17.486267943449814,2354
e7818f7a,9.310901665058623,-0.039999999999054126,0.005830951895078642,14.318125912115335,24.569261359183677,5371
e9949a23,-3.58521050753086,0.039999999999054126,0.0067852781814753465,8.31836307824206,37.49414462776572,4559
eb640a35,-13.389999999999418,-0.029999999998835847,0.005683088948786662,386.23585013958274,25.093433715634333,6037
ec13af42,-7.557931821081638,-0.030000000000654836,0.011097747519145211,15.866952534612462,24.73166779701359,5462
ed6e6e54,-5.274161357379626,0.030000000002473826,0.012376489809366136,29.61423822593322,8.377526309327441,6048
edf885a3,-8.805622643998504,0.030000000000654836,0.005491812087303721,13.561114376029723,9.795974149734569,3117
eeed308d,1.3356195449223378,-0.030000000000654836,0.005830951894972578,2.190303726332363,9.872235822559981,3899
f021b650,-38.484166212059336,0.039999999999054126,0.01220655561569168,39.923388261320426,22.544260916049115,3739
f140c2fa,-18.533341013777886,0.049999999999272404,0.006164211223053609,16.588806699185373,42.769064230699705,4082
f439a621,-5.869592646631418,0.049999999999272404,0.005885575587802822,11.254634162759347,12.618079556135624,2821
f5d8aab6,8.013373040382476,0.039999999999054126,0.006140846847207972,21.89531471464458,16.748835965487768,4444
f72b268f,-12.1214591804453,-0.049999999999272404,0.007611668673883748,11.77064722463891,46.29518892288188,6404
f8f59188,-16.15876960259311,0.040000000000873115,0.006049586762719456,13.340171457889706,17.16459312242564,4807
fae0c593,-7.424164170865424,0.020000000000436557,0.009704509261073182,5.528948935075453,53.18377527633326,4403
fba7683c,-2.742797240312484,0.029999999998835847,0.005963220606322996,8.276687789940514,3.099000869074425,407
fd3b4faa,-24.189236659369953,0.030000000002473826,0.0055621488653434135,116.57844679820278,16.069237627220584,5022
febb4411,4.480851273304097,-0.020000000000436557,0.010835012690334891,12.950385181009047,41.45308387940173,4247
00bbac68,-9.584166795151305,0.029999999998835847,0.006304760106449004,17.13340375203192,9.693587868652036,6014
028d7b28,-5.557505020538429,-0.030000000000654836,0.0059243143063024304,4.97404141967685,67.57207274416373,6234
044af7d1,572.8591658072825,-0.039999999999054126,0.0112245267160754,590.9746395282202,27.31738266289161,4519
0498acab,2.0125232823471606,-0.030000000000654836,0.010587610684056895,35.95987664587284,3.1114454174798793,4798
060ab2b8,-268.75814455042575,0.029999999998835847,0.013041376461061445,244.2343365292824,10.0013260132329,6258
0955cd6c,-12.11166868229202,-0.019999999999527063,0.010944861808197164,7.6420719138890005,12.82288684053695,5195
0c1b160c,10.029791227524356,-0.039999999997235136,0.006534332406659726,8.944622745231294,32.34329569405613,5054
113011eb,-10.219166996377226,-0.030000000000654836,0.00584615258092217,20.85790856838039,21.99165253830406,3272
125be846,8.976247562842218,0.049999999997453415,0.006471282716823658,15.576175740438728,62.683945567702544,6510
14a53cb3,-5.0733309830275175,0.019999999998617568,0.008170067319123092,4.97773170217734,20.95653193316722,6919
1550491d,4.639581983866606,0.049999999999272404,0.00775870478893296,9.101302950865835,28.621114214800837,4563
16e4a047,1.7387502984929597,0.039999999999054126,0.0178263148183257,6.460283275560934,44.82572554359738,4131
19137a89,12.810835262852379,-0.049999999999272404,0.00629265444793106,9.945408182044888,54.81000640505084,6267
1a518997,-5.195192480249716,0.019999999998617568,0.020098196436471233,5.211100672311342,133.04263581765645,4606
1aaf1da0,-110.86224236604494,0.039999999999054126,0.006532801849169576,235.36496333007173,13.368073728739134,4804
1b82b665,12.050622564607124,-0.05999999999949068,0.005402777063781313,11.298795033629004,41.2181668633106,3806
1e30dedf,16.872499414379035,0.06000000000221917,0.005905717568600877,8.969320900841673,9.612201598882377,4071
20096916,-97.67000006004264,0.029999999998835847,0.03924254706308022,41.06357077031745,7.466178580177782,5133
20402d71,-2.299230620656772,0.020000000000436557,0.006330679268636248,18.909138907163793,5.591096598247632,6372
206b6193,196.15166666060804,0.039999999999054126,0.006472827821005231,171.44920226234973,36.91070111580617,6535
22c5f93f,-24.79958205197272,0.020000000000436557,0.006209669878353655,10.690701070872624,21.359450376886137,5172
25050f63,8.010833363844995,0.050000000001091394,0.008130805618053231,18.324417504709164,84.01782440457197,6124
26623a50,16.790832394443555,0.050000000001091394,0.01058005198481036,21.42838981603096,18.439929117688294,5735
27c3155b,174.3054251171734,-0.010000000002037268,0.011704699910723355,128.5054012640278,33.19376080438757,4958
2ac7cb6b,-481.56136140439685,0.030000000000654836,0.0057262553208222424,507.2868635440202,43.88675992678559,4990
2be5c96a,-5.360432063374446,-0.039999999999054126,0.005857473858243212,230.70232091931626,9.58071727481116,4210
2d0c268a,-1.27540482052882,0.030000000000654836,0.007556288771737005,323.11128646361203,9.455715933514707,4550
2d179ded,-9.360160229060057,0.010000000000218279,0.005894913061232444,8.55299220709897,60.13902136269819,7008
2ddad940,25.87333454801228,-0.020000000000436557,0.007195658413196873,4.127841158355241,43.27709885682371,5331
32fe84c9,335.6366668052965,-0.039999999999054126,0.04637930573003087,186.4072974206012,57.208668718428775,6408
353e5502,102.28208311126059,0.029999999998835847,0.009024272823886948,34.32162814778568,22.612629279591165,6062
367456ce,-15.966669120905408,-0.030000000000654836,0.006633249580545717,107.27036476759902,30.44229986012918,5569
373ef48b,-2.0787532298027145,-0.029999999997926352,0.013758542800696149,3.5670974912357276,6.666469873274975,3509
389ae58f,286.5284407644906,1.8189894035458565e-12,0.021890580165929797,283.2746968915098,67.4180472651607,6463
3a0af893,194.7595874253591,0.049999999999272404,0.005888760480690776,2.4762068844956606,4.362102531547545,2927
3aaa2b30,-6.931250699044085,-0.039999999999054126,0.03624072295089334,37.23183590230161,8.09186859395098,4711
3c3dbcbc,-107.52354275935772,0.020000000000436557,0.006640594852937985,7.50363492783469,14.719043118591001,5069
3ef6372a,3.396250321372463,-0.040000000000873115,0.00604131608188379,11.494607164311711,35.710079153981496,4727
4121c517,-6.211274298196713,0.040000000002692104,0.006359048670787576,13.213192913715185,6.910365971708632,3723
43b06c70,-7.559997847876275,0.049999999999272404,0.013262635484685982,77.1079630314225,15.173505143124084,4846
4463446c,-242.45375008719384,-0.049999999999272404,0.006140846847141621,14.325854672105814,15.426098284456687,3256
463c38f2,-4.161038990690031,0.049999999999272404,0.007799999999915599,6.478608970704187,24.84191965151961,4460
46d24a09,5.294374664939596,0.020000000000436557,0.006883131554900068,8.36371976678359,90.3124976328365,4449
493b5b31,182.39375051897264,-0.020000000000436557,0.01484848477122095,118.07209281622714,16.59001309166461,4671
4b462989,5.723330817641454,0.050000000001091394,0.005523585791761459,8.115401923644411,6.2789959848459835,3106
4c3df468,-31.190827923404186,-0.049999999999272404,0.007648365838647778,272.1960053967838,12.448720306939851,5392
4caa7289,10.208482210128977,0.030000000000654836,0.007036334272888792,16.610894646377535,5.928941124222113,5396
4ed93db6,3.693751667739434,0.014999999999417923,0.010764641192412137,19.49928963369642,34.07043907698492,4657
504c8b08,4.817084885070244,0.010000000000218279,0.004993746088595188,6.728021731841955,43.943709579950166,6367
5254b6db,16.496664932306203,0.049999999997453415,0.005458708638239526,4.401672259592644,33.46274246039416,3274
5397ceb1,-9.022499432468408,-0.030000000000654836,0.006417943595909918,47.23236320203087,18.843924869648355,5255
5542c301,19.371249791462787,0.040000000000873115,0.006571909920235238,23.673940890097178,18.405039101972015,3591
56b00794,-174.8812366965542,-0.039999999999054126,0.008948603243037041,167.98500269988233,75.42114395193117,6065
58850d2c,-12.287500365282995,0.0,0.0065352888229616235,7.426139483294706,29.850934875358607,4995
5a1a8fd8,133.52020191404085,-0.029999999998835847,0.007139852939709438,127.91527507253919,12.113495742694061,5260
5aa403d0,-0.2989582954892285,0.040000000000873115,0.006199798383935614,8.817088547891528,30.67912430236679,3118
5cb483ac,2.522693485862419,-0.030000000000654836,0.006279928343405402,13.954020579051889,4.622310872101439,3852
5eae34a8,-22.104999999998654,-0.030000000000654836,0.006455811335706036,192.7198788639487,4.430660871659239,4904
633774dc,7.078334393250316,0.020000000000436557,0.006082762530263531,8.524850762453786,60.528624705690966,6233
656a067b,-3.5416716455063124,0.039999999999054126,0.015626819894041515,13.585934644057941,7.1871727672662225,3051
67a8da4a,-4.806666034519594,0.010000000002037268,0.021203242676500818,11.701529127720551,73.63315928638696,4911
69e41fa6,-14.112504815837383,-0.019999999998617568,0.005912698199762548,150.8514177816793,22.440795240339757,5772
6d1d74e1,-33.58416661735214,-0.049999999999272404,0.009390953093324913,208.76032551713973,17.054091683919328,5830
6e6d122c,-15.957084870896779,-0.019999999998617568,0.005996665740360514,98.67965568939069,29.14332761420763,5632
70925e23,-21.766249999608362,0.039999999999054126,0.010732078083988756,81.69414334867523,74.37890820552691,5947
722cf0d8,1.9906252638793376,0.030000000000654836,0.0057410800378004815,12.854719691428722,8.148010695472328,5143
729665c0,-1.7545815056780611,-0.030000000000654836,0.01877658115848549,5.0271884864199405,12.831790472723014,4263
73b1447d,5.029791559298701,-0.020000000000436557,0.025685599078059417,10.998285941863774,25.595138919359055,5670
74b6186b,-5.288747979452637,0.040000000000873115,0.0065962110337297025,1.6878597820367265,2.632447719683247,3405
764072a5,-19.050005829613838,0.020000000000436557,0.023956992716123317,15.453552735778448,14.420427917203725,2949
79507629,5.836037283490668,0.020000000000436557,0.008062102703398556,5.594341114121794,42.45700685074959,5302
7acda2df,0.1395800597319976,-0.029999999998835847,0.006304760106408612,9.151583780592961,21.625224015605397,3091
7cbbd047,-0.83666675057475,-0.049999999999272404,0.006418527868535537,20.098880220298508,4.609148492217771,5121
7e208414,31.6087512182678,-0.029999999998835847,0.008116495549271685,5.101544392341873,4.103025350141942,4226
811f52b3,1.8779156534719732,0.039999999999054126,0.005471517157086168,6.248096547408679,3.579071499100604,4836
84815d5a,-15.285147271542428,0.030000000000654836,0.006557438524292569,20.37930691741981,3.8583009991529673,3647
86454a6f,-16.87708506546892,-0.049999999999272404,0.005145629213263438,158.73214714271728,103.38242784787774,7964
877ed19c,-7.838750686758658,-0.049999999999272404,0.012959070182712192,167.9966746281555,18.899325978286267,3708
8902c3f6,-6.534788676293488,-0.039999999999054126,0.04942102285465687,19.712154804146866,27.506314207042866,4959
89f36adf,16.353978153532807,-0.020000000000436557,0.006170696881233974,102.93941490001178,4.852265984798319,5292
8ac2f237,-23.792708482739613,0.040000000000873115,0.010851727972896021,5.662297041268079,52.925823961655574,5319
8bb9c1e6,6.015294205708528,0.029999999998835847,0.010836858400914685,14.39964626808167,18.973802839591254,4546
8d92cb49,-22.619586078659495,0.02999999999974534,0.02943874997345812,15.351390344156385,13.683507919341764,3589
91db7070,-512.6829184324906,-0.029999999998835847,0.006140846847115407,20.974580601698595,10.464183223417457,4073
93209a3d,-130.68581911584624,0.049999999999272404,0.00561337688037594,135.03899765198042,8.69357476894936,4697
9426ec1e,-7.568334226090428,-0.019999999998617568,0.013204544672190474,9.621740824374665,25.58792514322918,2532
95b559e7,-27.853335199322828,-0.020000000000436557,0.007681145747787619,6.380604844771488,7.524649189126468,2887
96936c22,0.6591617901603968,0.00999999999839929,0.006437390775713738,16.211432429799363,29.059371756954558,3346
98177ced,-6.963334784619747,-0.010000000000218279,0.028302650052642694,8.018333803614846,34.640085151607735,4772
99529c45,-46.12208375143109,0.00999999999839929,0.005787702480112078,101.07236044011552,49.57924818852643,5840
9a95e33f,-23.75583339444438,0.020000000000436557,0.006437196594836302,69.25494597295939,16.852923011064142,6447
9b5b61c1,0.3216751428981297,-0.030000000000654836,0.007378177281777023,9.589137981327934,2.6670463164089786,5532
9bd2bba3,-0.06541665849135825,0.040000000000873115,0.01231574195894939,16.697171904025282,37.619895253835146,7439
9d5e14d4,-3.945419370612399,0.039999999999054126,0.006437196594855021,11.15915170505539,12.511141038112443,5400
9dfff011,15.537176321568495,0.020000000000436557,0.005257375771147207,28.166804473290338,6.34209946684066,4319
a0383629,0.47708025464362436,-0.009999999999308784,0.007829271996794127,15.44478564636925,70.77870140602026,5832
a15bc102,-5.0200000000022555,0.039999999999054126,0.005690123021496269,157.37916876470328,4.059813503071312,3236
a5aa7973,9.951668474781854,0.06000000000130967,0.017663521732660226,23.01757583667942,57.84750844644213,4616
a692b17e,-19.679126222888954,0.029999999998835847,0.011008973612476347,18.32465471405553,7.283842343740337,3566
a7744f5b,4.586452001886073,-0.039999999997235136,0.007318469785310821,10.315949877167174,21.703048409946025,4377
a85e4bc3,-11.415413137860014,-0.020000000000436557,0.012872839624636506,27.510601970243048,55.35073127819122,4581
a9c9b150,11.86333252833856,0.049999999999272404,0.0061218869639082215,9.714932758838701,26.606947267333613,3986
ab112491,22.767613763270674,0.019999999998617568,0.013549077459353107,378.0681042749693,33.282070047876736,5185
abf460d2,-2.2526970911671924,0.020000000000436557,0.005585472227076825,12.537803829032354,13.48165494629667,3217
ae0784a8,-434.9187503180324,-0.020000000000436557,0.02430966885828102,346.9090785975793,64.65839212952213,7823
af7a59ce,126.33041665930091,-0.030000000000654836,0.007455031857525988,107.52025382226394,2.4851173811549567,3024
b1efb8a4,2.0576995740741495,0.02999999999974534,0.013623142075196923,2.453609053060592,9.384654285895289,5998
b32902c0,9.65625159395222,0.029999999998835847,0.018275666882529712,12.915364905306289,21.434321776733,3808
b4d8dd4f,-0.007498960247630748,0.030000000002473826,0.021068400508786517,13.587576392896642,9.399242191830117,4259
b5aa9634,-7.607909074416057,0.049999999999272404,0.012633190412604599,5.6553356076159575,69.85245392963832,7326
b7974e66,-8.126046357940822,0.020000000000436557,0.0063935514388712466,5.188670676001579,18.42908812837395,5558
b8c49c1a,6.7100001243939005,-0.029999999998835847,0.0200047494360815,7.147349469185487,5.099520107879147,4319
bcebcc5f,-0.05004789758777406,-0.020000000002255547,0.011008065225056419,0.3240075438480482,19.23480014816761,6258
be063506,22.969166735883846,0.030000000000654836,0.005043560250582971,211.90495968220003,31.855571609368496,4500
c07fd0cd,-2.8737704381671847,-0.039999999999054126,0.005567764362938486,14.713177558277486,12.543249582845366,4191
c2c6fc71,-42.78322649413212,-0.039999999999054126,0.005946427498948301,33.41168468695615,52.60280282291678,7119
c43812e2,-50.92458317833575,0.050000000001091394,0.005708765190525769,98.63943598876405,17.677097021191365,5527
c593337f,-442.0483338287943,0.030000000000654836,0.006138200062025899,22.327000923055415,11.427632628454298,5208
c6c96179,9.594165752585468,-0.029999999998835847,0.006091797764272104,6.323689136474784,3.4165724997964695,4004
c9578d27,2.778330459242852,0.019999999998617568,0.0067082039325698705,5.35718700776157,59.75041570064567,4487
c9fedcf3,21.095416214458965,-0.029999999998835847,0.007180529228293697,4.697793289272548,5.990339709372282,3517
cbb406b5,2.1962605146773058,0.0,0.06494180086815211,119.7262864246999,118.70661332906664,6328
cc8a1d57,63.4388253479774,0.040000000000873115,0.004454211490154606,48.20146213851323,47.80574055606026,6638
cdc60a53,6.390000000001464,0.020000000000436557,0.005963220606490461,6.120075595934202,51.34015592377477,5878
d011f41b,-0.09258052307222897,-0.019999999998617568,0.013397667707504142,1.444810608532336,18.925061207540658,2267
d0cb63ae,25.56478837357554,0.06999999999970896,0.007763858576868739,11.099584519461686,26.606175895873307,5223
d24ff243,284.72667112335876,-0.019999999999527063,0.014669611446841365,277.019418333634,5.6381771960040306,5641
d273674e,-19.745417310732364,0.030000000000654836,0.005655970296935108,15.16565721054472,10.977775726086909,3899
d463e527,-25.15916710139618,0.020000000000436557,0.010185774393698645,14.427531309244904,39.84866822325119,4767
d60430e6,-181.75559668399546,0.030000000000654836,0.006480547816363701,460.1645894475232,9.932258224038208,2511
d7eb0be8,15.008338618256857,0.049999999999272404,0.015905895133528733,21.513648554306474,99.11948043926114,5401
d9d6d94d,-2.317902648562722,0.020000000000436557,0.005956299186725062,10.22177443387197,39.14548247445528,4919
da3cf798,-398.3187020264486,0.039999999999054126,0.01344907059983943,393.2932394239538,12.372651874877056,5844
dc7da28f,-30.256370781537953,-0.030000000000654836,0.010071742649574184,22.50370975785549,29.383512589641892,4774
e0079ed1,155.9250001791088,-0.020000000000436557,0.006244997998288589,96.69535454901548,43.73011273175361,3471
e161bd0c,5.90199841987851,-0.029999999998835847,0.06092288157990782,25.57759848698654,4.146253230775495,2949
e3b34f5b,1.797927433703535,-0.020000000000436557,0.007138627318943396,8.133387207044255,40.957867583770565,5455
e5c92e59,7.719162015717529,0.029999999998835847,0.005975784467331775,11.83347270134365,46.39546884022919,4295
e737965a,11.986253775410887,0.039999999999054126,0.005529692577272784,5.816457045727202,27.297315290275645,5955
e748dd88,31.465570979839868,-0.039999999997235136,0.013429817571266222,176.09943425427485,48.80720246765902,4812
e97032ad,-0.7044697251142225,0.030000000000654836,0.006692533152836743,8.160091531256866,8.080811069614404,3530
eb06a4e7,5.548749913125334,0.0500000000001819,0.010834666584624841,21.82590155553886,38.7513758010598,4535
ec0d597b,-39.20944592729518,-0.039999999999054126,0.0047092993110101605,155.14293730174893,45.0732394377019,4616
eeda36f5,-6.432915660488561,-0.039999999999054126,0.012745097096514543,5.252484556527347,7.590987435339576,4797
efe96181,40.33249866218887,-0.09000000000014552,0.045866954335325116,69.04542708164247,104.64981371061567,4012
f08774c3,45.22666442834634,0.030000000000654836,0.005325410782136439,31.425274550232718,19.65378040228626,3900
f40cd091,-119.63374249908725,0.049999999999272404,0.00847805991958399,191.28324334778912,28.562803236125074,5166
f5859199,45.00499999283147,0.029999999998835847,0.012322337440618693,22.940059841979725,76.32856060937591,5790
f6d009f4,3.643333576364512,0.050000000001091394,0.04902152588407771,15.261742017946954,58.1776496633485,6715
f9fc81aa,-6.970395446671773,-0.019999999998617568,0.007171994144013787,16.5760548781069,36.58348102563601,5598
fa667be2,2.8560237962576593,0.020000000000436557,0.007069476642560657,9.764212296988642,62.821344694477595,7296
fb73b13a,21.927914962737304,0.05999999999949068,0.005456876395894729,22.36886175492737,23.34540051190761,5640
fcfcc902,99.80283067457731,-0.029999999998835847,0.022773669006131685,53.49833939835041,9.301639642501666,2791
fdfd57da,32.39874636221498,-0.039999999999054126,0.0058375936823625366,31.654651059824698,11.10581430041199,5236
